FullName,Department,ID
Ade Minestratour,IT,050388-8008
Gill Bates,IT,321322-1212
Poe Lise,IT,155940-1001
Sue Per Man,IT,091091-1337
Even Stevens,Executive department,123465-1234
Hello Theodore Mister,Executive department,221165-9876
Martha Bowman,Executive department,990179-6689
Ricardo Frazier,Executive department,141416-1414
Charlette Chartman,Accounting,080990-6759
Jonathan Thundersmith,Accounting,141390-6785
Krystin Montalvo,Accounting,150489-5070
Spencer Mcgee,Accounting,776655-5566
Steve V. Jenkins,Accounting,132985-2231
Susan D. Midland,Accounting,551187-1920
Anne Xiety,HR Department,294857-2546
Lola Lincoln,HR Department,142297-4321
Popo Capas,HR Department,111111-1111
Robert Dee Licious,HR Department,475839-4857
Buster Tedbert,Sales,050501-4141
Catheryn Les Dogman,Sales,687598-9685
Ed Desmond Norton,Sales,050409-1356
Harley Campbell,Sales,090700-2467
Lilly Rose Santiago,Sales,121214-9990
Lory Bacon,Sales,010278-2332
Richmond Van Hootenheim,Sales,124345-1996













